OBS,ID,CS,CSRUM,CSPRRM,TT1,TC1,TT2,TC2,TT3,TC3,Choice,Sex,Age,Edu,IncHH,Urb,SClass
1,1,1,1,1,23,6,27,4,35,3,3,2,47,6,16,3,2
2,1,2,0,1,27,5,35,4,23,6,2,2,47,6,16,3,2
3,1,3,1,0,35,3,23,5,31,4,1,2,47,6,16,3,2
4,1,4,0,1,27,4,23,5,35,3,3,2,47,6,16,3,2
5,1,5,1,0,35,3,27,6,31,5,1,2,47,6,16,3,2
6,1,6,0,1,23,6,27,5,35,3,3,2,47,6,16,3,2
7,1,7,1,0,35,3,31,5,23,6,1,2,47,6,16,3,2
8,1,8,0,0,27,5,23,6,31,3,3,2,47,6,16,3,2
9,1,9,0,0,35,3,31,4,27,6,1,2,47,6,16,3,2
10,1,10,0,0,23,6,27,4,31,3,3,2,47,6,16,3,2
11,2,1,1,1,23,6,27,4,35,3,1,2,56,4,13,4,3
12,2,2,0,1,27,5,35,4,23,6,1,2,56,4,13,4,3
13,2,3,1,0,35,3,23,5,31,4,1,2,56,4,13,4,3
14,2,4,0,1,27,4,23,5,35,3,3,2,56,4,13,4,3
15,2,5,1,0,35,3,27,6,31,5,1,2,56,4,13,4,3
16,2,6,0,1,23,6,27,5,35,3,3,2,56,4,13,4,3
17,2,7,1,0,35,3,31,5,23,6,1,2,56,4,13,4,3
18,2,8,0,0,27,5,23,6,31,3,3,2,56,4,13,4,3
19,2,9,0,0,35,3,31,4,27,6,1,2,56,4,13,4,3
20,2,10,0,0,23,6,27,4,31,3,3,2,56,4,13,4,3
21,3,1,1,1,23,6,27,4,35,3,3,2,34,3,10,3,2
22,3,2,0,1,27,5,35,4,23,6,2,2,34,3,10,3,2
23,3,3,1,0,35,3,23,5,31,4,1,2,34,3,10,3,2
24,3,4,0,1,27,4,23,5,35,3,3,2,34,3,10,3,2
25,3,5,1,0,35,3,27,6,31,5,1,2,34,3,10,3,2
26,3,6,0,1,23,6,27,5,35,3,3,2,34,3,10,3,2
27,3,7,1,0,35,3,31,5,23,6,1,2,34,3,10,3,2
28,3,8,0,0,27,5,23,6,31,3,3,2,34,3,10,3,2
29,3,9,0,0,35,3,31,4,27,6,1,2,34,3,10,3,2
30,3,10,0,0,23,6,27,4,31,3,3,2,34,3,10,3,2
31,4,1,1,1,23,6,27,4,35,3,3,88888,88888,88888,88888,88888,88888
32,4,2,0,1,27,5,35,4,23,6,2,88888,88888,88888,88888,88888,88888
33,4,3,1,0,35,3,23,5,31,4,1,88888,88888,88888,88888,88888,88888
34,4,4,0,1,27,4,23,5,35,3,3,88888,88888,88888,88888,88888,88888
35,4,5,1,0,35,3,27,6,31,5,1,88888,88888,88888,88888,88888,88888
36,4,6,0,1,23,6,27,5,35,3,3,88888,88888,88888,88888,88888,88888
37,4,7,1,0,35,3,31,5,23,6,1,88888,88888,88888,88888,88888,88888
38,4,8,0,0,27,5,23,6,31,3,3,88888,88888,88888,88888,88888,88888
39,4,9,0,0,35,3,31,4,27,6,1,88888,88888,88888,88888,88888,88888
40,4,10,0,0,23,6,27,4,31,3,3,88888,88888,88888,88888,88888,88888
41,5,1,1,1,23,6,27,4,35,3,3,1,40,5,14,1,3
42,5,2,0,1,27,5,35,4,23,6,2,1,40,5,14,1,3
43,5,3,1,0,35,3,23,5,31,4,1,1,40,5,14,1,3
44,5,4,0,1,27,4,23,5,35,3,3,1,40,5,14,1,3
45,5,5,1,0,35,3,27,6,31,5,1,1,40,5,14,1,3
46,5,6,0,1,23,6,27,5,35,3,3,1,40,5,14,1,3
47,5,7,1,0,35,3,31,5,23,6,1,1,40,5,14,1,3
48,5,8,0,0,27,5,23,6,31,3,3,1,40,5,14,1,3
49,5,9,0,0,35,3,31,4,27,6,1,1,40,5,14,1,3
50,5,10,0,0,23,6,27,4,31,3,3,1,40,5,14,1,3
51,6,1,1,1,23,6,27,4,35,3,2,1,54,4,16,3,2
52,6,2,0,1,27,5,35,4,23,6,2,1,54,4,16,3,2
53,6,3,1,0,35,3,23,5,31,4,2,1,54,4,16,3,2
54,6,4,0,1,27,4,23,5,35,3,2,1,54,4,16,3,2
55,6,5,1,0,35,3,27,6,31,5,3,1,54,4,16,3,2
56,6,6,0,1,23,6,27,5,35,3,3,1,54,4,16,3,2
57,6,7,1,0,35,3,31,5,23,6,2,1,54,4,16,3,2
58,6,8,0,0,27,5,23,6,31,3,1,1,54,4,16,3,2
59,6,9,0,0,35,3,31,4,27,6,1,1,54,4,16,3,2
60,6,10,0,0,23,6,27,4,31,3,2,1,54,4,16,3,2
61,7,1,1,1,23,6,27,4,35,3,2,88888,88888,88888,88888,88888,88888
62,7,2,0,1,27,5,35,4,23,6,2,88888,88888,88888,88888,88888,88888
63,7,3,1,0,35,3,23,5,31,4,2,88888,88888,88888,88888,88888,88888
64,7,4,0,1,27,4,23,5,35,3,2,88888,88888,88888,88888,88888,88888
65,7,5,1,0,35,3,27,6,31,5,1,88888,88888,88888,88888,88888,88888
66,7,6,0,1,23,6,27,5,35,3,3,88888,88888,88888,88888,88888,88888
67,7,7,1,0,35,3,31,5,23,6,1,88888,88888,88888,88888,88888,88888
68,7,8,0,0,27,5,23,6,31,3,3,88888,88888,88888,88888,88888,88888
69,7,9,0,0,35,3,31,4,27,6,2,88888,88888,88888,88888,88888,88888
70,7,10,0,0,23,6,27,4,31,3,3,88888,88888,88888,88888,88888,88888
71,8,1,1,1,23,6,27,4,35,3,1,88888,88888,88888,88888,88888,88888
72,8,2,0,1,27,5,35,4,23,6,1,88888,88888,88888,88888,88888,88888
73,8,3,1,0,35,3,23,5,31,4,1,88888,88888,88888,88888,88888,88888
74,8,4,0,1,27,4,23,5,35,3,3,88888,88888,88888,88888,88888,88888
75,8,5,1,0,35,3,27,6,31,5,1,88888,88888,88888,88888,88888,88888
76,8,6,0,1,23,6,27,5,35,3,3,88888,88888,88888,88888,88888,88888
77,8,7,1,0,35,3,31,5,23,6,1,88888,88888,88888,88888,88888,88888
78,8,8,0,0,27,5,23,6,31,3,3,88888,88888,88888,88888,88888,88888
79,8,9,0,0,35,3,31,4,27,6,1,88888,88888,88888,88888,88888,88888
80,8,10,0,0,23,6,27,4,31,3,3,88888,88888,88888,88888,88888,88888
81,9,1,1,1,23,6,27,4,35,3,2,2,46,6,15,4,2
82,9,2,0,1,27,5,35,4,23,6,2,2,46,6,15,4,2
83,9,3,1,0,35,3,23,5,31,4,2,2,46,6,15,4,2
84,9,4,0,1,27,4,23,5,35,3,1,2,46,6,15,4,2
85,9,5,1,0,35,3,27,6,31,5,1,2,46,6,15,4,2
86,9,6,0,1,23,6,27,5,35,3,1,2,46,6,15,4,2
87,9,7,1,0,35,3,31,5,23,6,3,2,46,6,15,4,2
88,9,8,0,0,27,5,23,6,31,3,1,2,46,6,15,4,2
89,9,9,0,0,35,3,31,4,27,6,2,2,46,6,15,4,2
90,9,10,0,0,23,6,27,4,31,3,2,2,46,6,15,4,2
91,10,1,1,1,23,6,27,4,35,3,2,1,37,6,16,2,1
92,10,2,0,1,27,5,35,4,23,6,1,1,37,6,16,2,1
93,10,3,1,0,35,3,23,5,31,4,2,1,37,6,16,2,1
94,10,4,0,1,27,4,23,5,35,3,1,1,37,6,16,2,1
95,10,5,1,0,35,3,27,6,31,5,3,1,37,6,16,2,1
96,10,6,0,1,23,6,27,5,35,3,2,1,37,6,16,2,1
97,10,7,1,0,35,3,31,5,23,6,3,1,37,6,16,2,1
98,10,8,0,0,27,5,23,6,31,3,1,1,37,6,16,2,1
99,10,9,0,0,35,3,31,4,27,6,2,1,37,6,16,2,1
100,10,10,0,0,23,6,27,4,31,3,2,1,37,6,16,2,1
101,11,1,1,1,23,6,27,4,35,3,1,2,32,6,15,5,2
102,11,2,0,1,27,5,35,4,23,6,3,2,32,6,15,5,2
103,11,3,1,0,35,3,23,5,31,4,2,2,32,6,15,5,2
104,11,4,0,1,27,4,23,5,35,3,2,2,32,6,15,5,2
105,11,5,1,0,35,3,27,6,31,5,2,2,32,6,15,5,2
106,11,6,0,1,23,6,27,5,35,3,1,2,32,6,15,5,2
107,11,7,1,0,35,3,31,5,23,6,3,2,32,6,15,5,2
108,11,8,0,0,27,5,23,6,31,3,2,2,32,6,15,5,2
109,11,9,0,0,35,3,31,4,27,6,3,2,32,6,15,5,2
110,11,10,0,0,23,6,27,4,31,3,1,2,32,6,15,5,2
111,12,1,1,1,23,6,27,4,35,3,2,2,48,5,13,5,5
112,12,2,0,1,27,5,35,4,23,6,1,2,48,5,13,5,5
113,12,3,1,0,35,3,23,5,31,4,3,2,48,5,13,5,5
114,12,4,0,1,27,4,23,5,35,3,1,2,48,5,13,5,5
115,12,5,1,0,35,3,27,6,31,5,3,2,48,5,13,5,5
116,12,6,0,1,23,6,27,5,35,3,2,2,48,5,13,5,5
117,12,7,1,0,35,3,31,5,23,6,2,2,48,5,13,5,5
118,12,8,0,0,27,5,23,6,31,3,1,2,48,5,13,5,5
119,12,9,0,0,35,3,31,4,27,6,2,2,48,5,13,5,5
120,12,10,0,0,23,6,27,4,31,3,2,2,48,5,13,5,5
121,13,1,1,1,23,6,27,4,35,3,1,88888,88888,88888,88888,88888,88888
122,13,2,0,1,27,5,35,4,23,6,3,88888,88888,88888,88888,88888,88888
123,13,3,1,0,35,3,23,5,31,4,2,88888,88888,88888,88888,88888,88888
124,13,4,0,1,27,4,23,5,35,3,2,88888,88888,88888,88888,88888,88888
125,13,5,1,0,35,3,27,6,31,5,2,88888,88888,88888,88888,88888,88888
126,13,6,0,1,23,6,27,5,35,3,1,88888,88888,88888,88888,88888,88888
127,13,7,1,0,35,3,31,5,23,6,3,88888,88888,88888,88888,88888,88888
128,13,8,0,0,27,5,23,6,31,3,2,88888,88888,88888,88888,88888,88888
129,13,9,0,0,35,3,31,4,27,6,3,88888,88888,88888,88888,88888,88888
130,13,10,0,0,23,6,27,4,31,3,1,88888,88888,88888,88888,88888,88888
131,14,1,1,1,23,6,27,4,35,3,2,1,45,6,15,1,1
132,14,2,0,1,27,5,35,4,23,6,3,1,45,6,15,1,1
133,14,3,1,0,35,3,23,5,31,4,2,1,45,6,15,1,1
134,14,4,0,1,27,4,23,5,35,3,1,1,45,6,15,1,1
135,14,5,1,0,35,3,27,6,31,5,2,1,45,6,15,1,1
136,14,6,0,1,23,6,27,5,35,3,2,1,45,6,15,1,1
137,14,7,1,0,35,3,31,5,23,6,3,1,45,6,15,1,1
138,14,8,0,0,27,5,23,6,31,3,1,1,45,6,15,1,1
139,14,9,0,0,35,3,31,4,27,6,2,1,45,6,15,1,1
140,14,10,0,0,23,6,27,4,31,3,2,1,45,6,15,1,1
141,15,1,1,1,23,6,27,4,35,3,2,1,31,5,15,3,3
142,15,2,0,1,27,5,35,4,23,6,1,1,31,5,15,3,3
143,15,3,1,0,35,3,23,5,31,4,2,1,31,5,15,3,3
144,15,4,0,1,27,4,23,5,35,3,1,1,31,5,15,3,3
145,15,5,1,0,35,3,27,6,31,5,1,1,31,5,15,3,3
146,15,6,0,1,23,6,27,5,35,3,2,1,31,5,15,3,3
147,15,7,1,0,35,3,31,5,23,6,1,1,31,5,15,3,3
148,15,8,0,0,27,5,23,6,31,3,3,1,31,5,15,3,3
149,15,9,0,0,35,3,31,4,27,6,1,1,31,5,15,3,3
150,15,10,0,0,23,6,27,4,31,3,2,1,31,5,15,3,3
151,16,1,1,1,23,6,27,4,35,3,2,2,45,5,15,4,3
152,16,2,0,1,27,5,35,4,23,6,3,2,45,5,15,4,3
153,16,3,1,0,35,3,23,5,31,4,2,2,45,5,15,4,3
154,16,4,0,1,27,4,23,5,35,3,2,2,45,5,15,4,3
155,16,5,1,0,35,3,27,6,31,5,1,2,45,5,15,4,3
156,16,6,0,1,23,6,27,5,35,3,2,2,45,5,15,4,3
157,16,7,1,0,35,3,31,5,23,6,3,2,45,5,15,4,3
158,16,8,0,0,27,5,23,6,31,3,3,2,45,5,15,4,3
159,16,9,0,0,35,3,31,4,27,6,2,2,45,5,15,4,3
160,16,10,0,0,23,6,27,4,31,3,2,2,45,5,15,4,3
161,17,1,1,1,23,6,27,4,35,3,2,2,42,7,17,3,1
162,17,2,0,1,27,5,35,4,23,6,1,2,42,7,17,3,1
163,17,3,1,0,35,3,23,5,31,4,3,2,42,7,17,3,1
164,17,4,0,1,27,4,23,5,35,3,1,2,42,7,17,3,1
165,17,5,1,0,35,3,27,6,31,5,3,2,42,7,17,3,1
166,17,6,0,1,23,6,27,5,35,3,2,2,42,7,17,3,1
167,17,7,1,0,35,3,31,5,23,6,1,2,42,7,17,3,1
168,17,8,0,0,27,5,23,6,31,3,1,2,42,7,17,3,1
169,17,9,0,0,35,3,31,4,27,6,2,2,42,7,17,3,1
170,17,10,0,0,23,6,27,4,31,3,2,2,42,7,17,3,1
171,18,1,1,1,23,6,27,4,35,3,1,1,37,6,16,4,2
172,18,2,0,1,27,5,35,4,23,6,3,1,37,6,16,4,2
173,18,3,1,0,35,3,23,5,31,4,2,1,37,6,16,4,2
174,18,4,0,1,27,4,23,5,35,3,2,1,37,6,16,4,2
175,18,5,1,0,35,3,27,6,31,5,1,1,37,6,16,4,2
176,18,6,0,1,23,6,27,5,35,3,3,1,37,6,16,4,2
177,18,7,1,0,35,3,31,5,23,6,3,1,37,6,16,4,2
178,18,8,0,0,27,5,23,6,31,3,3,1,37,6,16,4,2
179,18,9,0,0,35,3,31,4,27,6,1,1,37,6,16,4,2
180,18,10,0,0,23,6,27,4,31,3,3,1,37,6,16,4,2
181,19,1,1,1,23,6,27,4,35,3,1,1,69,5,15,2,3
182,19,2,0,1,27,5,35,4,23,6,2,1,69,5,15,2,3
183,19,3,1,0,35,3,23,5,31,4,3,1,69,5,15,2,3
184,19,4,0,1,27,4,23,5,35,3,1,1,69,5,15,2,3
185,19,5,1,0,35,3,27,6,31,5,2,1,69,5,15,2,3
186,19,6,0,1,23,6,27,5,35,3,3,1,69,5,15,2,3
187,19,7,1,0,35,3,31,5,23,6,1,1,69,5,15,2,3
188,19,8,0,0,27,5,23,6,31,3,2,1,69,5,15,2,3
189,19,9,0,0,35,3,31,4,27,6,2,1,69,5,15,2,3
190,19,10,0,0,23,6,27,4,31,3,2,1,69,5,15,2,3
191,20,1,1,1,23,6,27,4,35,3,3,1,32,6,16,3,1
192,20,2,0,1,27,5,35,4,23,6,2,1,32,6,16,3,1
193,20,3,1,0,35,3,23,5,31,4,3,1,32,6,16,3,1
194,20,4,0,1,27,4,23,5,35,3,3,1,32,6,16,3,1
195,20,5,1,0,35,3,27,6,31,5,1,1,32,6,16,3,1
196,20,6,0,1,23,6,27,5,35,3,3,1,32,6,16,3,1
197,20,7,1,0,35,3,31,5,23,6,1,1,32,6,16,3,1
198,20,8,0,0,27,5,23,6,31,3,3,1,32,6,16,3,1
199,20,9,0,0,35,3,31,4,27,6,2,1,32,6,16,3,1
200,20,10,0,0,23,6,27,4,31,3,3,1,32,6,16,3,1
201,21,1,1,1,23,6,27,4,35,3,3,88888,88888,88888,88888,88888,88888
202,21,2,0,1,27,5,35,4,23,6,2,88888,88888,88888,88888,88888,88888
203,21,3,1,0,35,3,23,5,31,4,1,88888,88888,88888,88888,88888,88888
204,21,4,0,1,27,4,23,5,35,3,3,88888,88888,88888,88888,88888,88888
205,21,5,1,0,35,3,27,6,31,5,1,88888,88888,88888,88888,88888,88888
206,21,6,0,1,23,6,27,5,35,3,3,88888,88888,88888,88888,88888,88888
207,21,7,1,0,35,3,31,5,23,6,1,88888,88888,88888,88888,88888,88888
208,21,8,0,0,27,5,23,6,31,3,3,88888,88888,88888,88888,88888,88888
209,21,9,0,0,35,3,31,4,27,6,1,88888,88888,88888,88888,88888,88888
210,21,10,0,0,23,6,27,4,31,3,3,88888,88888,88888,88888,88888,88888
211,22,1,1,1,23,6,27,4,35,3,2,1,26,6,17,4,2
212,22,2,0,1,27,5,35,4,23,6,1,1,26,6,17,4,2
213,22,3,1,0,35,3,23,5,31,4,2,1,26,6,17,4,2
214,22,4,0,1,27,4,23,5,35,3,1,1,26,6,17,4,2
215,22,5,1,0,35,3,27,6,31,5,1,1,26,6,17,4,2
216,22,6,0,1,23,6,27,5,35,3,3,1,26,6,17,4,2
217,22,7,1,0,35,3,31,5,23,6,1,1,26,6,17,4,2
218,22,8,0,0,27,5,23,6,31,3,3,1,26,6,17,4,2
219,22,9,0,0,35,3,31,4,27,6,1,1,26,6,17,4,2
220,22,10,0,0,23,6,27,4,31,3,3,1,26,6,17,4,2
221,23,1,1,1,23,6,27,4,35,3,1,1,25,6,17,4,4
222,23,2,0,1,27,5,35,4,23,6,1,1,25,6,17,4,4
223,23,3,1,0,35,3,23,5,31,4,2,1,25,6,17,4,4
224,23,4,0,1,27,4,23,5,35,3,2,1,25,6,17,4,4
225,23,5,1,0,35,3,27,6,31,5,3,1,25,6,17,4,4
226,23,6,0,1,23,6,27,5,35,3,2,1,25,6,17,4,4
227,23,7,1,0,35,3,31,5,23,6,2,1,25,6,17,4,4
228,23,8,0,0,27,5,23,6,31,3,1,1,25,6,17,4,4
229,23,9,0,0,35,3,31,4,27,6,2,1,25,6,17,4,4
230,23,10,0,0,23,6,27,4,31,3,2,1,25,6,17,4,4
231,24,1,1,1,23,6,27,4,35,3,2,1,46,6,19,1,2
232,24,2,0,1,27,5,35,4,23,6,3,1,46,6,19,1,2
233,24,3,1,0,35,3,23,5,31,4,2,1,46,6,19,1,2
234,24,4,0,1,27,4,23,5,35,3,2,1,46,6,19,1,2
235,24,5,1,0,35,3,27,6,31,5,2,1,46,6,19,1,2
236,24,6,0,1,23,6,27,5,35,3,1,1,46,6,19,1,2
237,24,7,1,0,35,3,31,5,23,6,3,1,46,6,19,1,2
238,24,8,0,0,27,5,23,6,31,3,3,1,46,6,19,1,2
239,24,9,0,0,35,3,31,4,27,6,2,1,46,6,19,1,2
240,24,10,0,0,23,6,27,4,31,3,2,1,46,6,19,1,2
241,25,1,1,1,23,6,27,4,35,3,1,2,51,2,10,5,4
242,25,2,0,1,27,5,35,4,23,6,3,2,51,2,10,5,4
243,25,3,1,0,35,3,23,5,31,4,2,2,51,2,10,5,4
244,25,4,0,1,27,4,23,5,35,3,2,2,51,2,10,5,4
245,25,5,1,0,35,3,27,6,31,5,2,2,51,2,10,5,4
246,25,6,0,1,23,6,27,5,35,3,1,2,51,2,10,5,4
247,25,7,1,0,35,3,31,5,23,6,3,2,51,2,10,5,4
248,25,8,0,0,27,5,23,6,31,3,2,2,51,2,10,5,4
249,25,9,0,0,35,3,31,4,27,6,2,2,51,2,10,5,4
250,25,10,0,0,23,6,27,4,31,3,3,2,51,2,10,5,4
251,26,1,1,1,23,6,27,4,35,3,2,2,58,6,16,2,3
252,26,2,0,1,27,5,35,4,23,6,1,2,58,6,16,2,3
253,26,3,1,0,35,3,23,5,31,4,3,2,58,6,16,2,3
254,26,4,0,1,27,4,23,5,35,3,1,2,58,6,16,2,3
255,26,5,1,0,35,3,27,6,31,5,3,2,58,6,16,2,3
256,26,6,0,1,23,6,27,5,35,3,2,2,58,6,16,2,3
257,26,7,1,0,35,3,31,5,23,6,2,2,58,6,16,2,3
258,26,8,0,0,27,5,23,6,31,3,1,2,58,6,16,2,3
259,26,9,0,0,35,3,31,4,27,6,2,2,58,6,16,2,3
260,26,10,0,0,23,6,27,4,31,3,2,2,58,6,16,2,3
261,27,1,1,1,23,6,27,4,35,3,2,1,27,4,15,4,3
262,27,2,0,1,27,5,35,4,23,6,1,1,27,4,15,4,3
263,27,3,1,0,35,3,23,5,31,4,1,1,27,4,15,4,3
264,27,4,0,1,27,4,23,5,35,3,3,1,27,4,15,4,3
265,27,5,1,0,35,3,27,6,31,5,1,1,27,4,15,4,3
266,27,6,0,1,23,6,27,5,35,3,3,1,27,4,15,4,3
267,27,7,1,0,35,3,31,5,23,6,1,1,27,4,15,4,3
268,27,8,0,0,27,5,23,6,31,3,3,1,27,4,15,4,3
269,27,9,0,0,35,3,31,4,27,6,1,1,27,4,15,4,3
270,27,10,0,0,23,6,27,4,31,3,3,1,27,4,15,4,3
271,28,1,1,1,23,6,27,4,35,3,1,1,29,2,9,5,5
272,28,2,0,1,27,5,35,4,23,6,3,1,29,2,9,5,5
273,28,3,1,0,35,3,23,5,31,4,2,1,29,2,9,5,5
274,28,4,0,1,27,4,23,5,35,3,2,1,29,2,9,5,5
275,28,5,1,0,35,3,27,6,31,5,2,1,29,2,9,5,5
276,28,6,0,1,23,6,27,5,35,3,1,1,29,2,9,5,5
277,28,7,1,0,35,3,31,5,23,6,3,1,29,2,9,5,5
278,28,8,0,0,27,5,23,6,31,3,2,1,29,2,9,5,5
279,28,9,0,0,35,3,31,4,27,6,3,1,29,2,9,5,5
280,28,10,0,0,23,6,27,4,31,3,1,1,29,2,9,5,5
281,29,1,1,1,23,6,27,4,35,3,1,2,32,4,18,4,1
282,29,2,0,1,27,5,35,4,23,6,3,2,32,4,18,4,1
283,29,3,1,0,35,3,23,5,31,4,2,2,32,4,18,4,1
284,29,4,0,1,27,4,23,5,35,3,2,2,32,4,18,4,1
285,29,5,1,0,35,3,27,6,31,5,2,2,32,4,18,4,1
286,29,6,0,1,23,6,27,5,35,3,1,2,32,4,18,4,1
287,29,7,1,0,35,3,31,5,23,6,3,2,32,4,18,4,1
288,29,8,0,0,27,5,23,6,31,3,2,2,32,4,18,4,1
289,29,9,0,0,35,3,31,4,27,6,3,2,32,4,18,4,1
290,29,10,0,0,23,6,27,4,31,3,1,2,32,4,18,4,1
291,30,1,1,1,23,6,27,4,35,3,1,88888,88888,88888,88888,88888,88888
292,30,2,0,1,27,5,35,4,23,6,3,88888,88888,88888,88888,88888,88888
293,30,3,1,0,35,3,23,5,31,4,2,88888,88888,88888,88888,88888,88888
294,30,4,0,1,27,4,23,5,35,3,1,88888,88888,88888,88888,88888,88888
295,30,5,1,0,35,3,27,6,31,5,2,88888,88888,88888,88888,88888,88888
296,30,6,0,1,23,6,27,5,35,3,1,88888,88888,88888,88888,88888,88888
297,30,7,1,0,35,3,31,5,23,6,3,88888,88888,88888,88888,88888,88888
298,30,8,0,0,27,5,23,6,31,3,2,88888,88888,88888,88888,88888,88888
299,30,9,0,0,35,3,31,4,27,6,3,88888,88888,88888,88888,88888,88888
300,30,10,0,0,23,6,27,4,31,3,1,88888,88888,88888,88888,88888,88888
301,31,1,1,1,23,6,27,4,35,3,2,88888,88888,88888,88888,88888,88888
302,31,2,0,1,27,5,35,4,23,6,1,88888,88888,88888,88888,88888,88888
303,31,3,1,0,35,3,23,5,31,4,3,88888,88888,88888,88888,88888,88888
304,31,4,0,1,27,4,23,5,35,3,1,88888,88888,88888,88888,88888,88888
305,31,5,1,0,35,3,27,6,31,5,2,88888,88888,88888,88888,88888,88888
306,31,6,0,1,23,6,27,5,35,3,2,88888,88888,88888,88888,88888,88888
307,31,7,1,0,35,3,31,5,23,6,3,88888,88888,88888,88888,88888,88888
308,31,8,0,0,27,5,23,6,31,3,1,88888,88888,88888,88888,88888,88888
309,31,9,0,0,35,3,31,4,27,6,3,88888,88888,88888,88888,88888,88888
310,31,10,0,0,23,6,27,4,31,3,2,88888,88888,88888,88888,88888,88888
311,32,1,1,1,23,6,27,4,35,3,3,1,39,5,14,3,2
312,32,2,0,1,27,5,35,4,23,6,2,1,39,5,14,3,2
313,32,3,1,0,35,3,23,5,31,4,1,1,39,5,14,3,2
314,32,4,0,1,27,4,23,5,35,3,3,1,39,5,14,3,2
315,32,5,1,0,35,3,27,6,31,5,1,1,39,5,14,3,2
316,32,6,0,1,23,6,27,5,35,3,3,1,39,5,14,3,2
317,32,7,1,0,35,3,31,5,23,6,1,1,39,5,14,3,2
318,32,8,0,0,27,5,23,6,31,3,3,1,39,5,14,3,2
319,32,9,0,0,35,3,31,4,27,6,1,1,39,5,14,3,2
320,32,10,0,0,23,6,27,4,31,3,3,1,39,5,14,3,2
321,33,1,1,1,23,6,27,4,35,3,2,2,38,6,16,4,2
322,33,2,0,1,27,5,35,4,23,6,1,2,38,6,16,4,2
323,33,3,1,0,35,3,23,5,31,4,2,2,38,6,16,4,2
324,33,4,0,1,27,4,23,5,35,3,1,2,38,6,16,4,2
325,33,5,1,0,35,3,27,6,31,5,1,2,38,6,16,4,2
326,33,6,0,1,23,6,27,5,35,3,2,2,38,6,16,4,2
327,33,7,1,0,35,3,31,5,23,6,2,2,38,6,16,4,2
328,33,8,0,0,27,5,23,6,31,3,1,2,38,6,16,4,2
329,33,9,0,0,35,3,31,4,27,6,2,2,38,6,16,4,2
330,33,10,0,0,23,6,27,4,31,3,2,2,38,6,16,4,2
331,34,1,1,1,23,6,27,4,35,3,2,1,37,6,17,2,2
332,34,2,0,1,27,5,35,4,23,6,3,1,37,6,17,2,2
333,34,3,1,0,35,3,23,5,31,4,2,1,37,6,17,2,2
334,34,4,0,1,27,4,23,5,35,3,2,1,37,6,17,2,2
335,34,5,1,0,35,3,27,6,31,5,2,1,37,6,17,2,2
336,34,6,0,1,23,6,27,5,35,3,1,1,37,6,17,2,2
337,34,7,1,0,35,3,31,5,23,6,3,1,37,6,17,2,2
338,34,8,0,0,27,5,23,6,31,3,2,1,37,6,17,2,2
339,34,9,0,0,35,3,31,4,27,6,2,1,37,6,17,2,2
340,34,10,0,0,23,6,27,4,31,3,2,1,37,6,17,2,2
341,35,1,1,1,23,6,27,4,35,3,2,2,63,4,15,3,5
342,35,2,0,1,27,5,35,4,23,6,3,2,63,4,15,3,5
343,35,3,1,0,35,3,23,5,31,4,2,2,63,4,15,3,5
344,35,4,0,1,27,4,23,5,35,3,1,2,63,4,15,3,5
345,35,5,1,0,35,3,27,6,31,5,1,2,63,4,15,3,5
346,35,6,0,1,23,6,27,5,35,3,3,2,63,4,15,3,5
347,35,7,1,0,35,3,31,5,23,6,3,2,63,4,15,3,5
348,35,8,0,0,27,5,23,6,31,3,3,2,63,4,15,3,5
349,35,9,0,0,35,3,31,4,27,6,2,2,63,4,15,3,5
350,35,10,0,0,23,6,27,4,31,3,3,2,63,4,15,3,5
351,36,1,1,1,23,6,27,4,35,3,2,2,63,4,15,3,5
352,36,2,0,1,27,5,35,4,23,6,1,2,63,4,15,3,5
353,36,3,1,0,35,3,23,5,31,4,2,2,63,4,15,3,5
354,36,4,0,1,27,4,23,5,35,3,1,2,63,4,15,3,5
355,36,5,1,0,35,3,27,6,31,5,1,2,63,4,15,3,5
356,36,6,0,1,23,6,27,5,35,3,2,2,63,4,15,3,5
357,36,7,1,0,35,3,31,5,23,6,1,2,63,4,15,3,5
358,36,8,0,0,27,5,23,6,31,3,1,2,63,4,15,3,5
359,36,9,0,0,35,3,31,4,27,6,2,2,63,4,15,3,5
360,36,10,0,0,23,6,27,4,31,3,2,2,63,4,15,3,5
361,37,1,1,1,23,6,27,4,35,3,2,2,35,4,15,1,1
362,37,2,0,1,27,5,35,4,23,6,3,2,35,4,15,1,1
363,37,3,1,0,35,3,23,5,31,4,3,2,35,4,15,1,1
364,37,4,0,1,27,4,23,5,35,3,1,2,35,4,15,1,1
365,37,5,1,0,35,3,27,6,31,5,2,2,35,4,15,1,1
366,37,6,0,1,23,6,27,5,35,3,2,2,35,4,15,1,1
367,37,7,1,0,35,3,31,5,23,6,3,2,35,4,15,1,1
368,37,8,0,0,27,5,23,6,31,3,1,2,35,4,15,1,1
369,37,9,0,0,35,3,31,4,27,6,2,2,35,4,15,1,1
370,37,10,0,0,23,6,27,4,31,3,2,2,35,4,15,1,1
371,38,1,1,1,23,6,27,4,35,3,1,2,28,4,17,2,2
372,38,2,0,1,27,5,35,4,23,6,3,2,28,4,17,2,2
373,38,3,1,0,35,3,23,5,31,4,2,2,28,4,17,2,2
374,38,4,0,1,27,4,23,5,35,3,2,2,28,4,17,2,2
375,38,5,1,0,35,3,27,6,31,5,2,2,28,4,17,2,2
376,38,6,0,1,23,6,27,5,35,3,1,2,28,4,17,2,2
377,38,7,1,0,35,3,31,5,23,6,3,2,28,4,17,2,2
378,38,8,0,0,27,5,23,6,31,3,2,2,28,4,17,2,2
379,38,9,0,0,35,3,31,4,27,6,3,2,28,4,17,2,2
380,38,10,0,0,23,6,27,4,31,3,1,2,28,4,17,2,2
381,39,1,1,1,23,6,27,4,35,3,2,1,23,2,20,3,88888
382,39,2,0,1,27,5,35,4,23,6,2,1,23,2,20,3,88888
383,39,3,1,0,35,3,23,5,31,4,3,1,23,2,20,3,88888
384,39,4,0,1,27,4,23,5,35,3,3,1,23,2,20,3,88888
385,39,5,1,0,35,3,27,6,31,5,1,1,23,2,20,3,88888
386,39,6,0,1,23,6,27,5,35,3,3,1,23,2,20,3,88888
387,39,7,1,0,35,3,31,5,23,6,1,1,23,2,20,3,88888
388,39,8,0,0,27,5,23,6,31,3,3,1,23,2,20,3,88888
389,39,9,0,0,35,3,31,4,27,6,1,1,23,2,20,3,88888
390,39,10,0,0,23,6,27,4,31,3,3,1,23,2,20,3,88888
391,40,1,1,1,23,6,27,4,35,3,2,1,56,6,17,2,2
392,40,2,0,1,27,5,35,4,23,6,1,1,56,6,17,2,2
393,40,3,1,0,35,3,23,5,31,4,2,1,56,6,17,2,2
394,40,4,0,1,27,4,23,5,35,3,2,1,56,6,17,2,2
395,40,5,1,0,35,3,27,6,31,5,3,1,56,6,17,2,2
396,40,6,0,1,23,6,27,5,35,3,2,1,56,6,17,2,2
397,40,7,1,0,35,3,31,5,23,6,2,1,56,6,17,2,2
398,40,8,0,0,27,5,23,6,31,3,1,1,56,6,17,2,2
399,40,9,0,0,35,3,31,4,27,6,2,1,56,6,17,2,2
400,40,10,0,0,23,6,27,4,31,3,2,1,56,6,17,2,2
401,41,1,1,1,23,6,27,4,35,3,2,1,66,3,17,2,3
402,41,2,0,1,27,5,35,4,23,6,1,1,66,3,17,2,3
403,41,3,1,0,35,3,23,5,31,4,1,1,66,3,17,2,3
404,41,4,0,1,27,4,23,5,35,3,1,1,66,3,17,2,3
405,41,5,1,0,35,3,27,6,31,5,1,1,66,3,17,2,3
406,41,6,0,1,23,6,27,5,35,3,2,1,66,3,17,2,3
407,41,7,1,0,35,3,31,5,23,6,2,1,66,3,17,2,3
408,41,8,0,0,27,5,23,6,31,3,1,1,66,3,17,2,3
409,41,9,0,0,35,3,31,4,27,6,1,1,66,3,17,2,3
410,41,10,0,0,23,6,27,4,31,3,2,1,66,3,17,2,3
411,42,1,1,1,23,6,27,4,35,3,2,88888,88888,88888,88888,88888,88888
412,42,2,0,1,27,5,35,4,23,6,1,88888,88888,88888,88888,88888,88888
413,42,3,1,0,35,3,23,5,31,4,2,88888,88888,88888,88888,88888,88888
414,42,4,0,1,27,4,23,5,35,3,1,88888,88888,88888,88888,88888,88888
415,42,5,1,0,35,3,27,6,31,5,2,88888,88888,88888,88888,88888,88888
416,42,6,0,1,23,6,27,5,35,3,2,88888,88888,88888,88888,88888,88888
417,42,7,1,0,35,3,31,5,23,6,2,88888,88888,88888,88888,88888,88888
418,42,8,0,0,27,5,23,6,31,3,1,88888,88888,88888,88888,88888,88888
419,42,9,0,0,35,3,31,4,27,6,2,88888,88888,88888,88888,88888,88888
420,42,10,0,0,23,6,27,4,31,3,2,88888,88888,88888,88888,88888,88888
421,43,1,1,1,23,6,27,4,35,3,2,88888,88888,88888,88888,88888,88888
422,43,2,0,1,27,5,35,4,23,6,1,88888,88888,88888,88888,88888,88888
423,43,3,1,0,35,3,23,5,31,4,2,88888,88888,88888,88888,88888,88888
424,43,4,0,1,27,4,23,5,35,3,1,88888,88888,88888,88888,88888,88888
425,43,5,1,0,35,3,27,6,31,5,1,88888,88888,88888,88888,88888,88888
426,43,6,0,1,23,6,27,5,35,3,2,88888,88888,88888,88888,88888,88888
427,43,7,1,0,35,3,31,5,23,6,1,88888,88888,88888,88888,88888,88888
428,43,8,0,0,27,5,23,6,31,3,1,88888,88888,88888,88888,88888,88888
429,43,9,0,0,35,3,31,4,27,6,2,88888,88888,88888,88888,88888,88888
430,43,10,0,0,23,6,27,4,31,3,3,88888,88888,88888,88888,88888,88888
431,44,1,1,1,23,6,27,4,35,3,3,1,60,3,6,1,5
432,44,2,0,1,27,5,35,4,23,6,2,1,60,3,6,1,5
433,44,3,1,0,35,3,23,5,31,4,1,1,60,3,6,1,5
434,44,4,0,1,27,4,23,5,35,3,3,1,60,3,6,1,5
435,44,5,1,0,35,3,27,6,31,5,1,1,60,3,6,1,5
436,44,6,0,1,23,6,27,5,35,3,3,1,60,3,6,1,5
437,44,7,1,0,35,3,31,5,23,6,1,1,60,3,6,1,5
438,44,8,0,0,27,5,23,6,31,3,3,1,60,3,6,1,5
439,44,9,0,0,35,3,31,4,27,6,1,1,60,3,6,1,5
440,44,10,0,0,23,6,27,4,31,3,3,1,60,3,6,1,5
441,45,1,1,1,23,6,27,4,35,3,2,1,52,5,17,2,2
442,45,2,0,1,27,5,35,4,23,6,3,1,52,5,17,2,2
443,45,3,1,0,35,3,23,5,31,4,2,1,52,5,17,2,2
444,45,4,0,1,27,4,23,5,35,3,2,1,52,5,17,2,2
445,45,5,1,0,35,3,27,6,31,5,2,1,52,5,17,2,2
446,45,6,0,1,23,6,27,5,35,3,2,1,52,5,17,2,2
447,45,7,1,0,35,3,31,5,23,6,3,1,52,5,17,2,2
448,45,8,0,0,27,5,23,6,31,3,2,1,52,5,17,2,2
449,45,9,0,0,35,3,31,4,27,6,1,1,52,5,17,2,2
450,45,10,0,0,23,6,27,4,31,3,2,1,52,5,17,2,2
451,46,1,1,1,23,6,27,4,35,3,2,2,48,7,18,4,1
452,46,2,0,1,27,5,35,4,23,6,2,2,48,7,18,4,1
453,46,3,1,0,35,3,23,5,31,4,2,2,48,7,18,4,1
454,46,4,0,1,27,4,23,5,35,3,1,2,48,7,18,4,1
455,46,5,1,0,35,3,27,6,31,5,1,2,48,7,18,4,1
456,46,6,0,1,23,6,27,5,35,3,2,2,48,7,18,4,1
457,46,7,1,0,35,3,31,5,23,6,2,2,48,7,18,4,1
458,46,8,0,0,27,5,23,6,31,3,3,2,48,7,18,4,1
459,46,9,0,0,35,3,31,4,27,6,2,2,48,7,18,4,1
460,46,10,0,0,23,6,27,4,31,3,2,2,48,7,18,4,1
461,47,1,1,1,23,6,27,4,35,3,1,1,63,4,16,2,3
462,47,2,0,1,27,5,35,4,23,6,3,1,63,4,16,2,3
463,47,3,1,0,35,3,23,5,31,4,2,1,63,4,16,2,3
464,47,4,0,1,27,4,23,5,35,3,2,1,63,4,16,2,3
465,47,5,1,0,35,3,27,6,31,5,3,1,63,4,16,2,3
466,47,6,0,1,23,6,27,5,35,3,1,1,63,4,16,2,3
467,47,7,1,0,35,3,31,5,23,6,3,1,63,4,16,2,3
468,47,8,0,0,27,5,23,6,31,3,2,1,63,4,16,2,3
469,47,9,0,0,35,3,31,4,27,6,3,1,63,4,16,2,3
470,47,10,0,0,23,6,27,4,31,3,1,1,63,4,16,2,3
471,48,1,1,1,23,6,27,4,35,3,1,1,63,4,16,2,3
472,48,2,0,1,27,5,35,4,23,6,3,1,63,4,16,2,3
473,48,3,1,0,35,3,23,5,31,4,2,1,63,4,16,2,3
474,48,4,0,1,27,4,23,5,35,3,2,1,63,4,16,2,3
475,48,5,1,0,35,3,27,6,31,5,2,1,63,4,16,2,3
476,48,6,0,1,23,6,27,5,35,3,1,1,63,4,16,2,3
477,48,7,1,0,35,3,31,5,23,6,3,1,63,4,16,2,3
478,48,8,0,0,27,5,23,6,31,3,2,1,63,4,16,2,3
479,48,9,0,0,35,3,31,4,27,6,2,1,63,4,16,2,3
480,48,10,0,0,23,6,27,4,31,3,1,1,63,4,16,2,3
481,49,1,1,1,23,6,27,4,35,3,2,2,29,4,15,4,3
482,49,2,0,1,27,5,35,4,23,6,2,2,29,4,15,4,3
483,49,3,1,0,35,3,23,5,31,4,3,2,29,4,15,4,3
484,49,4,0,1,27,4,23,5,35,3,1,2,29,4,15,4,3
485,49,5,1,0,35,3,27,6,31,5,3,2,29,4,15,4,3
486,49,6,0,1,23,6,27,5,35,3,2,2,29,4,15,4,3
487,49,7,1,0,35,3,31,5,23,6,2,2,29,4,15,4,3
488,49,8,0,0,27,5,23,6,31,3,1,2,29,4,15,4,3
489,49,9,0,0,35,3,31,4,27,6,2,2,29,4,15,4,3
490,49,10,0,0,23,6,27,4,31,3,2,2,29,4,15,4,3
491,50,1,1,1,23,6,27,4,35,3,3,2,30,4,2,1,5
492,50,2,0,1,27,5,35,4,23,6,2,2,30,4,2,1,5
493,50,3,1,0,35,3,23,5,31,4,1,2,30,4,2,1,5
494,50,4,0,1,27,4,23,5,35,3,3,2,30,4,2,1,5
495,50,5,1,0,35,3,27,6,31,5,1,2,30,4,2,1,5
496,50,6,0,1,23,6,27,5,35,3,3,2,30,4,2,1,5
497,50,7,1,0,35,3,31,5,23,6,1,2,30,4,2,1,5
498,50,8,0,0,27,5,23,6,31,3,3,2,30,4,2,1,5
499,50,9,0,0,35,3,31,4,27,6,1,2,30,4,2,1,5
500,50,10,0,0,23,6,27,4,31,3,3,2,30,4,2,1,5
501,51,1,1,1,23,6,27,4,35,3,3,1,57,6,17,4,1
502,51,2,0,1,27,5,35,4,23,6,2,1,57,6,17,4,1
503,51,3,1,0,35,3,23,5,31,4,1,1,57,6,17,4,1
504,51,4,0,1,27,4,23,5,35,3,3,1,57,6,17,4,1
505,51,5,1,0,35,3,27,6,31,5,1,1,57,6,17,4,1
506,51,6,0,1,23,6,27,5,35,3,3,1,57,6,17,4,1
507,51,7,1,0,35,3,31,5,23,6,1,1,57,6,17,4,1
508,51,8,0,0,27,5,23,6,31,3,3,1,57,6,17,4,1
509,51,9,0,0,35,3,31,4,27,6,1,1,57,6,17,4,1
510,51,10,0,0,23,6,27,4,31,3,3,1,57,6,17,4,1
511,52,1,1,1,23,6,27,4,35,3,2,88888,88888,88888,88888,88888,88888
512,52,2,0,1,27,5,35,4,23,6,1,88888,88888,88888,88888,88888,88888
513,52,3,1,0,35,3,23,5,31,4,2,88888,88888,88888,88888,88888,88888
514,52,4,0,1,27,4,23,5,35,3,2,88888,88888,88888,88888,88888,88888
515,52,5,1,0,35,3,27,6,31,5,1,88888,88888,88888,88888,88888,88888
516,52,6,0,1,23,6,27,5,35,3,2,88888,88888,88888,88888,88888,88888
517,52,7,1,0,35,3,31,5,23,6,3,88888,88888,88888,88888,88888,88888
518,52,8,0,0,27,5,23,6,31,3,1,88888,88888,88888,88888,88888,88888
519,52,9,0,0,35,3,31,4,27,6,1,88888,88888,88888,88888,88888,88888
520,52,10,0,0,23,6,27,4,31,3,3,88888,88888,88888,88888,88888,88888
521,53,1,1,1,23,6,27,4,35,3,3,2,44,4,17,2,1
522,53,2,0,1,27,5,35,4,23,6,2,2,44,4,17,2,1
523,53,3,1,0,35,3,23,5,31,4,1,2,44,4,17,2,1
524,53,4,0,1,27,4,23,5,35,3,3,2,44,4,17,2,1
525,53,5,1,0,35,3,27,6,31,5,1,2,44,4,17,2,1
526,53,6,0,1,23,6,27,5,35,3,3,2,44,4,17,2,1
527,53,7,1,0,35,3,31,5,23,6,1,2,44,4,17,2,1
528,53,8,0,0,27,5,23,6,31,3,3,2,44,4,17,2,1
529,53,9,0,0,35,3,31,4,27,6,1,2,44,4,17,2,1
530,53,10,0,0,23,6,27,4,31,3,3,2,44,4,17,2,1
531,54,1,1,1,23,6,27,4,35,3,1,1,29,6,13,5,2
532,54,2,0,1,27,5,35,4,23,6,3,1,29,6,13,5,2
533,54,3,1,0,35,3,23,5,31,4,2,1,29,6,13,5,2
534,54,4,0,1,27,4,23,5,35,3,2,1,29,6,13,5,2
535,54,5,1,0,35,3,27,6,31,5,2,1,29,6,13,5,2
536,54,6,0,1,23,6,27,5,35,3,1,1,29,6,13,5,2
537,54,7,1,0,35,3,31,5,23,6,3,1,29,6,13,5,2
538,54,8,0,0,27,5,23,6,31,3,2,1,29,6,13,5,2
539,54,9,0,0,35,3,31,4,27,6,3,1,29,6,13,5,2
540,54,10,0,0,23,6,27,4,31,3,1,1,29,6,13,5,2
541,55,1,1,1,23,6,27,4,35,3,2,2,53,4,18,5,2
542,55,2,0,1,27,5,35,4,23,6,1,2,53,4,18,5,2
543,55,3,1,0,35,3,23,5,31,4,2,2,53,4,18,5,2
544,55,4,0,1,27,4,23,5,35,3,1,2,53,4,18,5,2
545,55,5,1,0,35,3,27,6,31,5,2,2,53,4,18,5,2
546,55,6,0,1,23,6,27,5,35,3,2,2,53,4,18,5,2
547,55,7,1,0,35,3,31,5,23,6,3,2,53,4,18,5,2
548,55,8,0,0,27,5,23,6,31,3,1,2,53,4,18,5,2
549,55,9,0,0,35,3,31,4,27,6,3,2,53,4,18,5,2
550,55,10,0,0,23,6,27,4,31,3,2,2,53,4,18,5,2
551,56,1,1,1,23,6,27,4,35,3,2,2,45,4,13,2,4
552,56,2,0,1,27,5,35,4,23,6,1,2,45,4,13,2,4
553,56,3,1,0,35,3,23,5,31,4,2,2,45,4,13,2,4
554,56,4,0,1,27,4,23,5,35,3,1,2,45,4,13,2,4
555,56,5,1,0,35,3,27,6,31,5,1,2,45,4,13,2,4
556,56,6,0,1,23,6,27,5,35,3,2,2,45,4,13,2,4
557,56,7,1,0,35,3,31,5,23,6,2,2,45,4,13,2,4
558,56,8,0,0,27,5,23,6,31,3,1,2,45,4,13,2,4
559,56,9,0,0,35,3,31,4,27,6,2,2,45,4,13,2,4
560,56,10,0,0,23,6,27,4,31,3,2,2,45,4,13,2,4
561,57,1,1,1,23,6,27,4,35,3,2,1,37,5,17,1,1
562,57,2,0,1,27,5,35,4,23,6,1,1,37,5,17,1,1
563,57,3,1,0,35,3,23,5,31,4,2,1,37,5,17,1,1
564,57,4,0,1,27,4,23,5,35,3,1,1,37,5,17,1,1
565,57,5,1,0,35,3,27,6,31,5,3,1,37,5,17,1,1
566,57,6,0,1,23,6,27,5,35,3,1,1,37,5,17,1,1
567,57,7,1,0,35,3,31,5,23,6,3,1,37,5,17,1,1
568,57,8,0,0,27,5,23,6,31,3,2,1,37,5,17,1,1
569,57,9,0,0,35,3,31,4,27,6,3,1,37,5,17,1,1
570,57,10,0,0,23,6,27,4,31,3,1,1,37,5,17,1,1
571,58,1,1,1,23,6,27,4,35,3,3,1,36,4,11,2,2
572,58,2,0,1,27,5,35,4,23,6,2,1,36,4,11,2,2
573,58,3,1,0,35,3,23,5,31,4,1,1,36,4,11,2,2
574,58,4,0,1,27,4,23,5,35,3,3,1,36,4,11,2,2
575,58,5,1,0,35,3,27,6,31,5,1,1,36,4,11,2,2
576,58,6,0,1,23,6,27,5,35,3,3,1,36,4,11,2,2
577,58,7,1,0,35,3,31,5,23,6,1,1,36,4,11,2,2
578,58,8,0,0,27,5,23,6,31,3,3,1,36,4,11,2,2
579,58,9,0,0,35,3,31,4,27,6,1,1,36,4,11,2,2
580,58,10,0,0,23,6,27,4,31,3,3,1,36,4,11,2,2
581,59,1,1,1,23,6,27,4,35,3,3,1,36,4,11,2,2
582,59,2,0,1,27,5,35,4,23,6,2,1,36,4,11,2,2
583,59,3,1,0,35,3,23,5,31,4,1,1,36,4,11,2,2
584,59,4,0,1,27,4,23,5,35,3,3,1,36,4,11,2,2
585,59,5,1,0,35,3,27,6,31,5,1,1,36,4,11,2,2
586,59,6,0,1,23,6,27,5,35,3,3,1,36,4,11,2,2
587,59,7,1,0,35,3,31,5,23,6,1,1,36,4,11,2,2
588,59,8,0,0,27,5,23,6,31,3,3,1,36,4,11,2,2
589,59,9,0,0,35,3,31,4,27,6,1,1,36,4,11,2,2
590,59,10,0,0,23,6,27,4,31,3,3,1,36,4,11,2,2
591,60,1,1,1,23,6,27,4,35,3,1,88888,88888,88888,88888,88888,88888
592,60,2,0,1,27,5,35,4,23,6,3,88888,88888,88888,88888,88888,88888
593,60,3,1,0,35,3,23,5,31,4,2,88888,88888,88888,88888,88888,88888
594,60,4,0,1,27,4,23,5,35,3,2,88888,88888,88888,88888,88888,88888
595,60,5,1,0,35,3,27,6,31,5,2,88888,88888,88888,88888,88888,88888
596,60,6,0,1,23,6,27,5,35,3,2,88888,88888,88888,88888,88888,88888
597,60,7,1,0,35,3,31,5,23,6,3,88888,88888,88888,88888,88888,88888
598,60,8,0,0,27,5,23,6,31,3,2,88888,88888,88888,88888,88888,88888
599,60,9,0,0,35,3,31,4,27,6,3,88888,88888,88888,88888,88888,88888
600,60,10,0,0,23,6,27,4,31,3,1,88888,88888,88888,88888,88888,88888
601,61,1,1,1,23,6,27,4,35,3,2,2,36,2,11,2,4
602,61,2,0,1,27,5,35,4,23,6,3,2,36,2,11,2,4
603,61,3,1,0,35,3,23,5,31,4,2,2,36,2,11,2,4
604,61,4,0,1,27,4,23,5,35,3,3,2,36,2,11,2,4
605,61,5,1,0,35,3,27,6,31,5,2,2,36,2,11,2,4
606,61,6,0,1,23,6,27,5,35,3,3,2,36,2,11,2,4
607,61,7,1,0,35,3,31,5,23,6,1,2,36,2,11,2,4
608,61,8,0,0,27,5,23,6,31,3,3,2,36,2,11,2,4
609,61,9,0,0,35,3,31,4,27,6,2,2,36,2,11,2,4
610,61,10,0,0,23,6,27,4,31,3,3,2,36,2,11,2,4
611,62,1,1,1,23,6,27,4,35,3,2,1,32,6,12,2,4
612,62,2,0,1,27,5,35,4,23,6,1,1,32,6,12,2,4
613,62,3,1,0,35,3,23,5,31,4,3,1,32,6,12,2,4
614,62,4,0,1,27,4,23,5,35,3,1,1,32,6,12,2,4
615,62,5,1,0,35,3,27,6,31,5,1,1,32,6,12,2,4
616,62,6,0,1,23,6,27,5,35,3,2,1,32,6,12,2,4
617,62,7,1,0,35,3,31,5,23,6,2,1,32,6,12,2,4
618,62,8,0,0,27,5,23,6,31,3,3,1,32,6,12,2,4
619,62,9,0,0,35,3,31,4,27,6,1,1,32,6,12,2,4
620,62,10,0,0,23,6,27,4,31,3,2,1,32,6,12,2,4
621,63,1,1,1,23,6,27,4,35,3,3,2,26,3,15,5,3
622,63,2,0,1,27,5,35,4,23,6,2,2,26,3,15,5,3
623,63,3,1,0,35,3,23,5,31,4,1,2,26,3,15,5,3
624,63,4,0,1,27,4,23,5,35,3,3,2,26,3,15,5,3
625,63,5,1,0,35,3,27,6,31,5,1,2,26,3,15,5,3
626,63,6,0,1,23,6,27,5,35,3,1,2,26,3,15,5,3
627,63,7,1,0,35,3,31,5,23,6,1,2,26,3,15,5,3
628,63,8,0,0,27,5,23,6,31,3,2,2,26,3,15,5,3
629,63,9,0,0,35,3,31,4,27,6,1,2,26,3,15,5,3
630,63,10,0,0,23,6,27,4,31,3,3,2,26,3,15,5,3
631,64,1,1,1,23,6,27,4,35,3,2,2,26,3,15,5,3
632,64,2,0,1,27,5,35,4,23,6,3,2,26,3,15,5,3
633,64,3,1,0,35,3,23,5,31,4,3,2,26,3,15,5,3
634,64,4,0,1,27,4,23,5,35,3,1,2,26,3,15,5,3
635,64,5,1,0,35,3,27,6,31,5,3,2,26,3,15,5,3
636,64,6,0,1,23,6,27,5,35,3,2,2,26,3,15,5,3
637,64,7,1,0,35,3,31,5,23,6,2,2,26,3,15,5,3
638,64,8,0,0,27,5,23,6,31,3,3,2,26,3,15,5,3
639,64,9,0,0,35,3,31,4,27,6,1,2,26,3,15,5,3
640,64,10,0,0,23,6,27,4,31,3,3,2,26,3,15,5,3
641,65,1,1,1,23,6,27,4,35,3,2,88888,88888,88888,88888,88888,88888
642,65,2,0,1,27,5,35,4,23,6,1,88888,88888,88888,88888,88888,88888
643,65,3,1,0,35,3,23,5,31,4,2,88888,88888,88888,88888,88888,88888
644,65,4,0,1,27,4,23,5,35,3,2,88888,88888,88888,88888,88888,88888
645,65,5,1,0,35,3,27,6,31,5,3,88888,88888,88888,88888,88888,88888
646,65,6,0,1,23,6,27,5,35,3,2,88888,88888,88888,88888,88888,88888
647,65,7,1,0,35,3,31,5,23,6,2,88888,88888,88888,88888,88888,88888
648,65,8,0,0,27,5,23,6,31,3,1,88888,88888,88888,88888,88888,88888
649,65,9,0,0,35,3,31,4,27,6,2,88888,88888,88888,88888,88888,88888
650,65,10,0,0,23,6,27,4,31,3,2,88888,88888,88888,88888,88888,88888
651,66,1,1,1,23,6,27,4,35,3,1,88888,88888,88888,88888,88888,88888
652,66,2,0,1,27,5,35,4,23,6,3,88888,88888,88888,88888,88888,88888
653,66,3,1,0,35,3,23,5,31,4,2,88888,88888,88888,88888,88888,88888
654,66,4,0,1,27,4,23,5,35,3,2,88888,88888,88888,88888,88888,88888
655,66,5,1,0,35,3,27,6,31,5,3,88888,88888,88888,88888,88888,88888
656,66,6,0,1,23,6,27,5,35,3,1,88888,88888,88888,88888,88888,88888
657,66,7,1,0,35,3,31,5,23,6,3,88888,88888,88888,88888,88888,88888
658,66,8,0,0,27,5,23,6,31,3,2,88888,88888,88888,88888,88888,88888
659,66,9,0,0,35,3,31,4,27,6,2,88888,88888,88888,88888,88888,88888
660,66,10,0,0,23,6,27,4,31,3,2,88888,88888,88888,88888,88888,88888
661,67,1,1,1,23,6,27,4,35,3,2,2,39,6,19,2,2
662,67,2,0,1,27,5,35,4,23,6,2,2,39,6,19,2,2
663,67,3,1,0,35,3,23,5,31,4,1,2,39,6,19,2,2
664,67,4,0,1,27,4,23,5,35,3,2,2,39,6,19,2,2
665,67,5,1,0,35,3,27,6,31,5,3,2,39,6,19,2,2
666,67,6,0,1,23,6,27,5,35,3,2,2,39,6,19,2,2
667,67,7,1,0,35,3,31,5,23,6,2,2,39,6,19,2,2
668,67,8,0,0,27,5,23,6,31,3,3,2,39,6,19,2,2
669,67,9,0,0,35,3,31,4,27,6,1,2,39,6,19,2,2
670,67,10,0,0,23,6,27,4,31,3,3,2,39,6,19,2,2
671,68,1,1,1,23,6,27,4,35,3,3,2,51,5,14,5,2
672,68,2,0,1,27,5,35,4,23,6,1,2,51,5,14,5,2
673,68,3,1,0,35,3,23,5,31,4,3,2,51,5,14,5,2
674,68,4,0,1,27,4,23,5,35,3,1,2,51,5,14,5,2
675,68,5,1,0,35,3,27,6,31,5,3,2,51,5,14,5,2
676,68,6,0,1,23,6,27,5,35,3,2,2,51,5,14,5,2
677,68,7,1,0,35,3,31,5,23,6,2,2,51,5,14,5,2
678,68,8,0,0,27,5,23,6,31,3,1,2,51,5,14,5,2
679,68,9,0,0,35,3,31,4,27,6,2,2,51,5,14,5,2
680,68,10,0,0,23,6,27,4,31,3,2,2,51,5,14,5,2
681,69,1,1,1,23,6,27,4,35,3,2,2,26,7,16,5,3
682,69,2,0,1,27,5,35,4,23,6,3,2,26,7,16,5,3
683,69,3,1,0,35,3,23,5,31,4,2,2,26,7,16,5,3
684,69,4,0,1,27,4,23,5,35,3,1,2,26,7,16,5,3
685,69,5,1,0,35,3,27,6,31,5,2,2,26,7,16,5,3
686,69,6,0,1,23,6,27,5,35,3,2,2,26,7,16,5,3
687,69,7,1,0,35,3,31,5,23,6,3,2,26,7,16,5,3
688,69,8,0,0,27,5,23,6,31,3,2,2,26,7,16,5,3
689,69,9,0,0,35,3,31,4,27,6,2,2,26,7,16,5,3
690,69,10,0,0,23,6,27,4,31,3,1,2,26,7,16,5,3
691,70,1,1,1,23,6,27,4,35,3,1,2,44,2,6,2,5
692,70,2,0,1,27,5,35,4,23,6,1,2,44,2,6,2,5
693,70,3,1,0,35,3,23,5,31,4,3,2,44,2,6,2,5
694,70,4,0,1,27,4,23,5,35,3,1,2,44,2,6,2,5
695,70,5,1,0,35,3,27,6,31,5,2,2,44,2,6,2,5
696,70,6,0,1,23,6,27,5,35,3,1,2,44,2,6,2,5
697,70,7,1,0,35,3,31,5,23,6,3,2,44,2,6,2,5
698,70,8,0,0,27,5,23,6,31,3,1,2,44,2,6,2,5
699,70,9,0,0,35,3,31,4,27,6,3,2,44,2,6,2,5
700,70,10,0,0,23,6,27,4,31,3,1,2,44,2,6,2,5
701,71,1,1,1,23,6,27,4,35,3,1,2,52,6,18,1,3
702,71,2,0,1,27,5,35,4,23,6,3,2,52,6,18,1,3
703,71,3,1,0,35,3,23,5,31,4,2,2,52,6,18,1,3
704,71,4,0,1,27,4,23,5,35,3,2,2,52,6,18,1,3
705,71,5,1,0,35,3,27,6,31,5,2,2,52,6,18,1,3
706,71,6,0,1,23,6,27,5,35,3,1,2,52,6,18,1,3
707,71,7,1,0,35,3,31,5,23,6,3,2,52,6,18,1,3
708,71,8,0,0,27,5,23,6,31,3,2,2,52,6,18,1,3
709,71,9,0,0,35,3,31,4,27,6,3,2,52,6,18,1,3
710,71,10,0,0,23,6,27,4,31,3,1,2,52,6,18,1,3
711,72,1,1,1,23,6,27,4,35,3,2,2,34,4,13,2,3
712,72,2,0,1,27,5,35,4,23,6,1,2,34,4,13,2,3
713,72,3,1,0,35,3,23,5,31,4,2,2,34,4,13,2,3
714,72,4,0,1,27,4,23,5,35,3,1,2,34,4,13,2,3
715,72,5,1,0,35,3,27,6,31,5,2,2,34,4,13,2,3
716,72,6,0,1,23,6,27,5,35,3,2,2,34,4,13,2,3
717,72,7,1,0,35,3,31,5,23,6,3,2,34,4,13,2,3
718,72,8,0,0,27,5,23,6,31,3,1,2,34,4,13,2,3
719,72,9,0,0,35,3,31,4,27,6,2,2,34,4,13,2,3
720,72,10,0,0,23,6,27,4,31,3,2,2,34,4,13,2,3
721,73,1,1,1,23,6,27,4,35,3,2,1,45,6,16,4,2
722,73,2,0,1,27,5,35,4,23,6,1,1,45,6,16,4,2
723,73,3,1,0,35,3,23,5,31,4,2,1,45,6,16,4,2
724,73,4,0,1,27,4,23,5,35,3,1,1,45,6,16,4,2
725,73,5,1,0,35,3,27,6,31,5,3,1,45,6,16,4,2
726,73,6,0,1,23,6,27,5,35,3,2,1,45,6,16,4,2
727,73,7,1,0,35,3,31,5,23,6,2,1,45,6,16,4,2
728,73,8,0,0,27,5,23,6,31,3,3,1,45,6,16,4,2
729,73,9,0,0,35,3,31,4,27,6,2,1,45,6,16,4,2
730,73,10,0,0,23,6,27,4,31,3,3,1,45,6,16,4,2
731,74,1,1,1,23,6,27,4,35,3,2,1,60,4,13,2,4
732,74,2,0,1,27,5,35,4,23,6,1,1,60,4,13,2,4
733,74,3,1,0,35,3,23,5,31,4,2,1,60,4,13,2,4
734,74,4,0,1,27,4,23,5,35,3,1,1,60,4,13,2,4
735,74,5,1,0,35,3,27,6,31,5,1,1,60,4,13,2,4
736,74,6,0,1,23,6,27,5,35,3,2,1,60,4,13,2,4
737,74,7,1,0,35,3,31,5,23,6,1,1,60,4,13,2,4
738,74,8,0,0,27,5,23,6,31,3,1,1,60,4,13,2,4
739,74,9,0,0,35,3,31,4,27,6,2,1,60,4,13,2,4
740,74,10,0,0,23,6,27,4,31,3,2,1,60,4,13,2,4
741,75,1,1,1,23,6,27,4,35,3,2,2,32,4,15,2,5
742,75,2,0,1,27,5,35,4,23,6,1,2,32,4,15,2,5
743,75,3,1,0,35,3,23,5,31,4,2,2,32,4,15,2,5
744,75,4,0,1,27,4,23,5,35,3,2,2,32,4,15,2,5
745,75,5,1,0,35,3,27,6,31,5,2,2,32,4,15,2,5
746,75,6,0,1,23,6,27,5,35,3,2,2,32,4,15,2,5
747,75,7,1,0,35,3,31,5,23,6,3,2,32,4,15,2,5
748,75,8,0,0,27,5,23,6,31,3,2,2,32,4,15,2,5
749,75,9,0,0,35,3,31,4,27,6,3,2,32,4,15,2,5
750,75,10,0,0,23,6,27,4,31,3,2,2,32,4,15,2,5
751,76,1,1,1,23,6,27,4,35,3,2,2,56,5,6,1,4
752,76,2,0,1,27,5,35,4,23,6,1,2,56,5,6,1,4
753,76,3,1,0,35,3,23,5,31,4,3,2,56,5,6,1,4
754,76,4,0,1,27,4,23,5,35,3,1,2,56,5,6,1,4
755,76,5,1,0,35,3,27,6,31,5,1,2,56,5,6,1,4
756,76,6,0,1,23,6,27,5,35,3,3,2,56,5,6,1,4
757,76,7,1,0,35,3,31,5,23,6,1,2,56,5,6,1,4
758,76,8,0,0,27,5,23,6,31,3,3,2,56,5,6,1,4
759,76,9,0,0,35,3,31,4,27,6,1,2,56,5,6,1,4
760,76,10,0,0,23,6,27,4,31,3,2,2,56,5,6,1,4
761,77,1,1,1,23,6,27,4,35,3,2,1,34,4,11,2,3
762,77,2,0,1,27,5,35,4,23,6,3,1,34,4,11,2,3
763,77,3,1,0,35,3,23,5,31,4,2,1,34,4,11,2,3
764,77,4,0,1,27,4,23,5,35,3,2,1,34,4,11,2,3
765,77,5,1,0,35,3,27,6,31,5,2,1,34,4,11,2,3
766,77,6,0,1,23,6,27,5,35,3,1,1,34,4,11,2,3
767,77,7,1,0,35,3,31,5,23,6,3,1,34,4,11,2,3
768,77,8,0,0,27,5,23,6,31,3,2,1,34,4,11,2,3
769,77,9,0,0,35,3,31,4,27,6,2,1,34,4,11,2,3
770,77,10,0,0,23,6,27,4,31,3,1,1,34,4,11,2,3
771,78,1,1,1,23,6,27,4,35,3,2,88888,88888,88888,88888,88888,88888
772,78,2,0,1,27,5,35,4,23,6,1,88888,88888,88888,88888,88888,88888
773,78,3,1,0,35,3,23,5,31,4,3,88888,88888,88888,88888,88888,88888
774,78,4,0,1,27,4,23,5,35,3,1,88888,88888,88888,88888,88888,88888
775,78,5,1,0,35,3,27,6,31,5,3,88888,88888,88888,88888,88888,88888
776,78,6,0,1,23,6,27,5,35,3,2,88888,88888,88888,88888,88888,88888
777,78,7,1,0,35,3,31,5,23,6,2,88888,88888,88888,88888,88888,88888
778,78,8,0,0,27,5,23,6,31,3,3,88888,88888,88888,88888,88888,88888
779,78,9,0,0,35,3,31,4,27,6,2,88888,88888,88888,88888,88888,88888
780,78,10,0,0,23,6,27,4,31,3,3,88888,88888,88888,88888,88888,88888
781,79,1,1,1,23,6,27,4,35,3,2,1,58,5,18,1,1
782,79,2,0,1,27,5,35,4,23,6,1,1,58,5,18,1,1
783,79,3,1,0,35,3,23,5,31,4,3,1,58,5,18,1,1
784,79,4,0,1,27,4,23,5,35,3,2,1,58,5,18,1,1
785,79,5,1,0,35,3,27,6,31,5,2,1,58,5,18,1,1
786,79,6,0,1,23,6,27,5,35,3,2,1,58,5,18,1,1
787,79,7,1,0,35,3,31,5,23,6,2,1,58,5,18,1,1
788,79,8,0,0,27,5,23,6,31,3,1,1,58,5,18,1,1
789,79,9,0,0,35,3,31,4,27,6,2,1,58,5,18,1,1
790,79,10,0,0,23,6,27,4,31,3,2,1,58,5,18,1,1
791,80,1,1,1,23,6,27,4,35,3,1,2,39,4,16,1,3
792,80,2,0,1,27,5,35,4,23,6,3,2,39,4,16,1,3
793,80,3,1,0,35,3,23,5,31,4,2,2,39,4,16,1,3
794,80,4,0,1,27,4,23,5,35,3,2,2,39,4,16,1,3
795,80,5,1,0,35,3,27,6,31,5,2,2,39,4,16,1,3
796,80,6,0,1,23,6,27,5,35,3,1,2,39,4,16,1,3
797,80,7,1,0,35,3,31,5,23,6,3,2,39,4,16,1,3
798,80,8,0,0,27,5,23,6,31,3,2,2,39,4,16,1,3
799,80,9,0,0,35,3,31,4,27,6,3,2,39,4,16,1,3
800,80,10,0,0,23,6,27,4,31,3,1,2,39,4,16,1,3
801,81,1,1,1,23,6,27,4,35,3,3,2,47,7,20,4,1
802,81,2,0,1,27,5,35,4,23,6,2,2,47,7,20,4,1
803,81,3,1,0,35,3,23,5,31,4,1,2,47,7,20,4,1
804,81,4,0,1,27,4,23,5,35,3,3,2,47,7,20,4,1
805,81,5,1,0,35,3,27,6,31,5,1,2,47,7,20,4,1
806,81,6,0,1,23,6,27,5,35,3,3,2,47,7,20,4,1
807,81,7,1,0,35,3,31,5,23,6,1,2,47,7,20,4,1
808,81,8,0,0,27,5,23,6,31,3,3,2,47,7,20,4,1
809,81,9,0,0,35,3,31,4,27,6,1,2,47,7,20,4,1
810,81,10,0,0,23,6,27,4,31,3,3,2,47,7,20,4,1
811,82,1,1,1,23,6,27,4,35,3,2,2,40,6,13,5,2
812,82,2,0,1,27,5,35,4,23,6,1,2,40,6,13,5,2
813,82,3,1,0,35,3,23,5,31,4,2,2,40,6,13,5,2
814,82,4,0,1,27,4,23,5,35,3,1,2,40,6,13,5,2
815,82,5,1,0,35,3,27,6,31,5,2,2,40,6,13,5,2
816,82,6,0,1,23,6,27,5,35,3,2,2,40,6,13,5,2
817,82,7,1,0,35,3,31,5,23,6,2,2,40,6,13,5,2
818,82,8,0,0,27,5,23,6,31,3,1,2,40,6,13,5,2
819,82,9,0,0,35,3,31,4,27,6,3,2,40,6,13,5,2
820,82,10,0,0,23,6,27,4,31,3,2,2,40,6,13,5,2
821,83,1,1,1,23,6,27,4,35,3,2,1,35,6,17,2,2
822,83,2,0,1,27,5,35,4,23,6,1,1,35,6,17,2,2
823,83,3,1,0,35,3,23,5,31,4,2,1,35,6,17,2,2
824,83,4,0,1,27,4,23,5,35,3,1,1,35,6,17,2,2
825,83,5,1,0,35,3,27,6,31,5,3,1,35,6,17,2,2
826,83,6,0,1,23,6,27,5,35,3,2,1,35,6,17,2,2
827,83,7,1,0,35,3,31,5,23,6,1,1,35,6,17,2,2
828,83,8,0,0,27,5,23,6,31,3,1,1,35,6,17,2,2
829,83,9,0,0,35,3,31,4,27,6,2,1,35,6,17,2,2
830,83,10,0,0,23,6,27,4,31,3,2,1,35,6,17,2,2
831,84,1,1,1,23,6,27,4,35,3,2,1,59,6,16,1,2
832,84,2,0,1,27,5,35,4,23,6,3,1,59,6,16,1,2
833,84,3,1,0,35,3,23,5,31,4,2,1,59,6,16,1,2
834,84,4,0,1,27,4,23,5,35,3,1,1,59,6,16,1,2
835,84,5,1,0,35,3,27,6,31,5,1,1,59,6,16,1,2
836,84,6,0,1,23,6,27,5,35,3,3,1,59,6,16,1,2
837,84,7,1,0,35,3,31,5,23,6,1,1,59,6,16,1,2
838,84,8,0,0,27,5,23,6,31,3,3,1,59,6,16,1,2
839,84,9,0,0,35,3,31,4,27,6,1,1,59,6,16,1,2
840,84,10,0,0,23,6,27,4,31,3,3,1,59,6,16,1,2
841,85,1,1,1,23,6,27,4,35,3,1,1,45,5,14,1,2
842,85,2,0,1,27,5,35,4,23,6,1,1,45,5,14,1,2
843,85,3,1,0,35,3,23,5,31,4,2,1,45,5,14,1,2
844,85,4,0,1,27,4,23,5,35,3,2,1,45,5,14,1,2
845,85,5,1,0,35,3,27,6,31,5,2,1,45,5,14,1,2
846,85,6,0,1,23,6,27,5,35,3,1,1,45,5,14,1,2
847,85,7,1,0,35,3,31,5,23,6,1,1,45,5,14,1,2
848,85,8,0,0,27,5,23,6,31,3,3,1,45,5,14,1,2
849,85,9,0,0,35,3,31,4,27,6,2,1,45,5,14,1,2
850,85,10,0,0,23,6,27,4,31,3,3,1,45,5,14,1,2
851,86,1,1,1,23,6,27,4,35,3,2,1,60,2,15,2,4
852,86,2,0,1,27,5,35,4,23,6,1,1,60,2,15,2,4
853,86,3,1,0,35,3,23,5,31,4,2,1,60,2,15,2,4
854,86,4,0,1,27,4,23,5,35,3,1,1,60,2,15,2,4
855,86,5,1,0,35,3,27,6,31,5,2,1,60,2,15,2,4
856,86,6,0,1,23,6,27,5,35,3,2,1,60,2,15,2,4
857,86,7,1,0,35,3,31,5,23,6,1,1,60,2,15,2,4
858,86,8,0,0,27,5,23,6,31,3,3,1,60,2,15,2,4
859,86,9,0,0,35,3,31,4,27,6,1,1,60,2,15,2,4
860,86,10,0,0,23,6,27,4,31,3,2,1,60,2,15,2,4
861,87,1,1,1,23,6,27,4,35,3,1,1,45,6,15,1,2
862,87,2,0,1,27,5,35,4,23,6,3,1,45,6,15,1,2
863,87,3,1,0,35,3,23,5,31,4,2,1,45,6,15,1,2
864,87,4,0,1,27,4,23,5,35,3,2,1,45,6,15,1,2
865,87,5,1,0,35,3,27,6,31,5,2,1,45,6,15,1,2
866,87,6,0,1,23,6,27,5,35,3,1,1,45,6,15,1,2
867,87,7,1,0,35,3,31,5,23,6,3,1,45,6,15,1,2
868,87,8,0,0,27,5,23,6,31,3,2,1,45,6,15,1,2
869,87,9,0,0,35,3,31,4,27,6,3,1,45,6,15,1,2
870,87,10,0,0,23,6,27,4,31,3,1,1,45,6,15,1,2
871,88,1,1,1,23,6,27,4,35,3,2,2,37,6,8,1,2
872,88,2,0,1,27,5,35,4,23,6,1,2,37,6,8,1,2
873,88,3,1,0,35,3,23,5,31,4,1,2,37,6,8,1,2
874,88,4,0,1,27,4,23,5,35,3,2,2,37,6,8,1,2
875,88,5,1,0,35,3,27,6,31,5,2,2,37,6,8,1,2
876,88,6,0,1,23,6,27,5,35,3,2,2,37,6,8,1,2
877,88,7,1,0,35,3,31,5,23,6,3,2,37,6,8,1,2
878,88,8,0,0,27,5,23,6,31,3,2,2,37,6,8,1,2
879,88,9,0,0,35,3,31,4,27,6,3,2,37,6,8,1,2
880,88,10,0,0,23,6,27,4,31,3,2,2,37,6,8,1,2
881,89,1,1,1,23,6,27,4,35,3,2,2,36,4,3,4,3
882,89,2,0,1,27,5,35,4,23,6,1,2,36,4,3,4,3
883,89,3,1,0,35,3,23,5,31,4,3,2,36,4,3,4,3
884,89,4,0,1,27,4,23,5,35,3,1,2,36,4,3,4,3
885,89,5,1,0,35,3,27,6,31,5,3,2,36,4,3,4,3
886,89,6,0,1,23,6,27,5,35,3,2,2,36,4,3,4,3
887,89,7,1,0,35,3,31,5,23,6,2,2,36,4,3,4,3
888,89,8,0,0,27,5,23,6,31,3,1,2,36,4,3,4,3
889,89,9,0,0,35,3,31,4,27,6,2,2,36,4,3,4,3
890,89,10,0,0,23,6,27,4,31,3,2,2,36,4,3,4,3
891,90,1,1,1,23,6,27,4,35,3,2,1,32,5,14,2,4
892,90,2,0,1,27,5,35,4,23,6,1,1,32,5,14,2,4
893,90,3,1,0,35,3,23,5,31,4,2,1,32,5,14,2,4
894,90,4,0,1,27,4,23,5,35,3,1,1,32,5,14,2,4
895,90,5,1,0,35,3,27,6,31,5,3,1,32,5,14,2,4
896,90,6,0,1,23,6,27,5,35,3,2,1,32,5,14,2,4
897,90,7,1,0,35,3,31,5,23,6,2,1,32,5,14,2,4
898,90,8,0,0,27,5,23,6,31,3,1,1,32,5,14,2,4
899,90,9,0,0,35,3,31,4,27,6,2,1,32,5,14,2,4
900,90,10,0,0,23,6,27,4,31,3,2,1,32,5,14,2,4
901,91,1,1,1,23,6,27,4,35,3,2,1,42,5,7,2,2
902,91,2,0,1,27,5,35,4,23,6,1,1,42,5,7,2,2
903,91,3,1,0,35,3,23,5,31,4,2,1,42,5,7,2,2
904,91,4,0,1,27,4,23,5,35,3,1,1,42,5,7,2,2
905,91,5,1,0,35,3,27,6,31,5,3,1,42,5,7,2,2
906,91,6,0,1,23,6,27,5,35,3,2,1,42,5,7,2,2
907,91,7,1,0,35,3,31,5,23,6,2,1,42,5,7,2,2
908,91,8,0,0,27,5,23,6,31,3,1,1,42,5,7,2,2
909,91,9,0,0,35,3,31,4,27,6,1,1,42,5,7,2,2
910,91,10,0,0,23,6,27,4,31,3,2,1,42,5,7,2,2
911,92,1,1,1,23,6,27,4,35,3,2,1,24,6,17,4,1
912,92,2,0,1,27,5,35,4,23,6,3,1,24,6,17,4,1
913,92,3,1,0,35,3,23,5,31,4,2,1,24,6,17,4,1
914,92,4,0,1,27,4,23,5,35,3,1,1,24,6,17,4,1
915,92,5,1,0,35,3,27,6,31,5,2,1,24,6,17,4,1
916,92,6,0,1,23,6,27,5,35,3,1,1,24,6,17,4,1
917,92,7,1,0,35,3,31,5,23,6,3,1,24,6,17,4,1
918,92,8,0,0,27,5,23,6,31,3,1,1,24,6,17,4,1
919,92,9,0,0,35,3,31,4,27,6,2,1,24,6,17,4,1
920,92,10,0,0,23,6,27,4,31,3,2,1,24,6,17,4,1
921,93,1,1,1,23,6,27,4,35,3,2,2,47,6,18,2,3
922,93,2,0,1,27,5,35,4,23,6,2,2,47,6,18,2,3
923,93,3,1,0,35,3,23,5,31,4,1,2,47,6,18,2,3
924,93,4,0,1,27,4,23,5,35,3,3,2,47,6,18,2,3
925,93,5,1,0,35,3,27,6,31,5,1,2,47,6,18,2,3
926,93,6,0,1,23,6,27,5,35,3,3,2,47,6,18,2,3
927,93,7,1,0,35,3,31,5,23,6,1,2,47,6,18,2,3
928,93,8,0,0,27,5,23,6,31,3,3,2,47,6,18,2,3
929,93,9,0,0,35,3,31,4,27,6,1,2,47,6,18,2,3
930,93,10,0,0,23,6,27,4,31,3,3,2,47,6,18,2,3
931,94,1,1,1,23,6,27,4,35,3,2,1,39,2,9,2,4
932,94,2,0,1,27,5,35,4,23,6,1,1,39,2,9,2,4
933,94,3,1,0,35,3,23,5,31,4,2,1,39,2,9,2,4
934,94,4,0,1,27,4,23,5,35,3,2,1,39,2,9,2,4
935,94,5,1,0,35,3,27,6,31,5,2,1,39,2,9,2,4
936,94,6,0,1,23,6,27,5,35,3,1,1,39,2,9,2,4
937,94,7,1,0,35,3,31,5,23,6,2,1,39,2,9,2,4
938,94,8,0,0,27,5,23,6,31,3,1,1,39,2,9,2,4
939,94,9,0,0,35,3,31,4,27,6,2,1,39,2,9,2,4
940,94,10,0,0,23,6,27,4,31,3,2,1,39,2,9,2,4
941,95,1,1,1,23,6,27,4,35,3,2,2,44,6,19,2,2
942,95,2,0,1,27,5,35,4,23,6,1,2,44,6,19,2,2
943,95,3,1,0,35,3,23,5,31,4,2,2,44,6,19,2,2
944,95,4,0,1,27,4,23,5,35,3,1,2,44,6,19,2,2
945,95,5,1,0,35,3,27,6,31,5,3,2,44,6,19,2,2
946,95,6,0,1,23,6,27,5,35,3,3,2,44,6,19,2,2
947,95,7,1,0,35,3,31,5,23,6,1,2,44,6,19,2,2
948,95,8,0,0,27,5,23,6,31,3,3,2,44,6,19,2,2
949,95,9,0,0,35,3,31,4,27,6,1,2,44,6,19,2,2
950,95,10,0,0,23,6,27,4,31,3,2,2,44,6,19,2,2
951,96,1,1,1,23,6,27,4,35,3,1,1,46,6,18,4,1
952,96,2,0,1,27,5,35,4,23,6,1,1,46,6,18,4,1
953,96,3,1,0,35,3,23,5,31,4,2,1,46,6,18,4,1
954,96,4,0,1,27,4,23,5,35,3,2,1,46,6,18,4,1
955,96,5,1,0,35,3,27,6,31,5,2,1,46,6,18,4,1
956,96,6,0,1,23,6,27,5,35,3,1,1,46,6,18,4,1
957,96,7,1,0,35,3,31,5,23,6,3,1,46,6,18,4,1
958,96,8,0,0,27,5,23,6,31,3,2,1,46,6,18,4,1
959,96,9,0,0,35,3,31,4,27,6,3,1,46,6,18,4,1
960,96,10,0,0,23,6,27,4,31,3,1,1,46,6,18,4,1
961,97,1,1,1,23,6,27,4,35,3,2,2,31,6,15,2,2
962,97,2,0,1,27,5,35,4,23,6,1,2,31,6,15,2,2
963,97,3,1,0,35,3,23,5,31,4,2,2,31,6,15,2,2
964,97,4,0,1,27,4,23,5,35,3,1,2,31,6,15,2,2
965,97,5,1,0,35,3,27,6,31,5,3,2,31,6,15,2,2
966,97,6,0,1,23,6,27,5,35,3,2,2,31,6,15,2,2
967,97,7,1,0,35,3,31,5,23,6,2,2,31,6,15,2,2
968,97,8,0,0,27,5,23,6,31,3,1,2,31,6,15,2,2
969,97,9,0,0,35,3,31,4,27,6,2,2,31,6,15,2,2
970,97,10,0,0,23,6,27,4,31,3,2,2,31,6,15,2,2
971,98,1,1,1,23,6,27,4,35,3,2,88888,88888,88888,88888,88888,88888
972,98,2,0,1,27,5,35,4,23,6,1,88888,88888,88888,88888,88888,88888
973,98,3,1,0,35,3,23,5,31,4,3,88888,88888,88888,88888,88888,88888
974,98,4,0,1,27,4,23,5,35,3,1,88888,88888,88888,88888,88888,88888
975,98,5,1,0,35,3,27,6,31,5,3,88888,88888,88888,88888,88888,88888
976,98,6,0,1,23,6,27,5,35,3,2,88888,88888,88888,88888,88888,88888
977,98,7,1,0,35,3,31,5,23,6,2,88888,88888,88888,88888,88888,88888
978,98,8,0,0,27,5,23,6,31,3,1,88888,88888,88888,88888,88888,88888
979,98,9,0,0,35,3,31,4,27,6,2,88888,88888,88888,88888,88888,88888
980,98,10,0,0,23,6,27,4,31,3,2,88888,88888,88888,88888,88888,88888
981,99,1,1,1,23,6,27,4,35,3,2,1,48,6,15,2,1
982,99,2,0,1,27,5,35,4,23,6,2,1,48,6,15,2,1
983,99,3,1,0,35,3,23,5,31,4,3,1,48,6,15,2,1
984,99,4,0,1,27,4,23,5,35,3,1,1,48,6,15,2,1
985,99,5,1,0,35,3,27,6,31,5,1,1,48,6,15,2,1
986,99,6,0,1,23,6,27,5,35,3,2,1,48,6,15,2,1
987,99,7,1,0,35,3,31,5,23,6,2,1,48,6,15,2,1
988,99,8,0,0,27,5,23,6,31,3,3,1,48,6,15,2,1
989,99,9,0,0,35,3,31,4,27,6,2,1,48,6,15,2,1
990,99,10,0,0,23,6,27,4,31,3,2,1,48,6,15,2,1
991,100,1,1,1,23,6,27,4,35,3,3,2,41,6,13,4,2
992,100,2,0,1,27,5,35,4,23,6,2,2,41,6,13,4,2
993,100,3,1,0,35,3,23,5,31,4,1,2,41,6,13,4,2
994,100,4,0,1,27,4,23,5,35,3,3,2,41,6,13,4,2
995,100,5,1,0,35,3,27,6,31,5,1,2,41,6,13,4,2
996,100,6,0,1,23,6,27,5,35,3,3,2,41,6,13,4,2
997,100,7,1,0,35,3,31,5,23,6,1,2,41,6,13,4,2
998,100,8,0,0,27,5,23,6,31,3,3,2,41,6,13,4,2
999,100,9,0,0,35,3,31,4,27,6,1,2,41,6,13,4,2
1000,100,10,0,0,23,6,27,4,31,3,3,2,41,6,13,4,2
1001,101,1,1,1,23,6,27,4,35,3,3,1,28,4,18,2,4
1002,101,2,0,1,27,5,35,4,23,6,2,1,28,4,18,2,4
1003,101,3,1,0,35,3,23,5,31,4,1,1,28,4,18,2,4
1004,101,4,0,1,27,4,23,5,35,3,3,1,28,4,18,2,4
1005,101,5,1,0,35,3,27,6,31,5,1,1,28,4,18,2,4
1006,101,6,0,1,23,6,27,5,35,3,3,1,28,4,18,2,4
1007,101,7,1,0,35,3,31,5,23,6,1,1,28,4,18,2,4
1008,101,8,0,0,27,5,23,6,31,3,3,1,28,4,18,2,4
1009,101,9,0,0,35,3,31,4,27,6,1,1,28,4,18,2,4
1010,101,10,0,0,23,6,27,4,31,3,3,1,28,4,18,2,4
1011,102,1,1,1,23,6,27,4,35,3,2,88888,88888,88888,88888,88888,88888
1012,102,2,0,1,27,5,35,4,23,6,1,88888,88888,88888,88888,88888,88888
1013,102,3,1,0,35,3,23,5,31,4,1,88888,88888,88888,88888,88888,88888
1014,102,4,0,1,27,4,23,5,35,3,3,88888,88888,88888,88888,88888,88888
1015,102,5,1,0,35,3,27,6,31,5,1,88888,88888,88888,88888,88888,88888
1016,102,6,0,1,23,6,27,5,35,3,3,88888,88888,88888,88888,88888,88888
1017,102,7,1,0,35,3,31,5,23,6,1,88888,88888,88888,88888,88888,88888
1018,102,8,0,0,27,5,23,6,31,3,3,88888,88888,88888,88888,88888,88888
1019,102,9,0,0,35,3,31,4,27,6,1,88888,88888,88888,88888,88888,88888
1020,102,10,0,0,23,6,27,4,31,3,3,88888,88888,88888,88888,88888,88888
1021,103,1,1,1,23,6,27,4,35,3,3,2,58,6,13,4,2
1022,103,2,0,1,27,5,35,4,23,6,2,2,58,6,13,4,2
1023,103,3,1,0,35,3,23,5,31,4,1,2,58,6,13,4,2
1024,103,4,0,1,27,4,23,5,35,3,3,2,58,6,13,4,2
1025,103,5,1,0,35,3,27,6,31,5,1,2,58,6,13,4,2
1026,103,6,0,1,23,6,27,5,35,3,3,2,58,6,13,4,2
1027,103,7,1,0,35,3,31,5,23,6,1,2,58,6,13,4,2
1028,103,8,0,0,27,5,23,6,31,3,3,2,58,6,13,4,2
1029,103,9,0,0,35,3,31,4,27,6,1,2,58,6,13,4,2
1030,103,10,0,0,23,6,27,4,31,3,3,2,58,6,13,4,2
1031,104,1,1,1,23,6,27,4,35,3,2,88888,88888,88888,88888,88888,88888
1032,104,2,0,1,27,5,35,4,23,6,3,88888,88888,88888,88888,88888,88888
1033,104,3,1,0,35,3,23,5,31,4,2,88888,88888,88888,88888,88888,88888
1034,104,4,0,1,27,4,23,5,35,3,2,88888,88888,88888,88888,88888,88888
1035,104,5,1,0,35,3,27,6,31,5,1,88888,88888,88888,88888,88888,88888
1036,104,6,0,1,23,6,27,5,35,3,3,88888,88888,88888,88888,88888,88888
1037,104,7,1,0,35,3,31,5,23,6,1,88888,88888,88888,88888,88888,88888
1038,104,8,0,0,27,5,23,6,31,3,3,88888,88888,88888,88888,88888,88888
1039,104,9,0,0,35,3,31,4,27,6,2,88888,88888,88888,88888,88888,88888
1040,104,10,0,0,23,6,27,4,31,3,2,88888,88888,88888,88888,88888,88888
1041,105,1,1,1,23,6,27,4,35,3,3,1,31,4,15,1,2
1042,105,2,0,1,27,5,35,4,23,6,1,1,31,4,15,1,2
1043,105,3,1,0,35,3,23,5,31,4,2,1,31,4,15,1,2
1044,105,4,0,1,27,4,23,5,35,3,2,1,31,4,15,1,2
1045,105,5,1,0,35,3,27,6,31,5,1,1,31,4,15,1,2
1046,105,6,0,1,23,6,27,5,35,3,2,1,31,4,15,1,2
1047,105,7,1,0,35,3,31,5,23,6,3,1,31,4,15,1,2
1048,105,8,0,0,27,5,23,6,31,3,1,1,31,4,15,1,2
1049,105,9,0,0,35,3,31,4,27,6,2,1,31,4,15,1,2
1050,105,10,0,0,23,6,27,4,31,3,2,1,31,4,15,1,2
1051,106,1,1,1,23,6,27,4,35,3,2,2,36,6,19,2,2
1052,106,2,0,1,27,5,35,4,23,6,1,2,36,6,19,2,2
1053,106,3,1,0,35,3,23,5,31,4,2,2,36,6,19,2,2
1054,106,4,0,1,27,4,23,5,35,3,1,2,36,6,19,2,2
1055,106,5,1,0,35,3,27,6,31,5,2,2,36,6,19,2,2
1056,106,6,0,1,23,6,27,5,35,3,1,2,36,6,19,2,2
1057,106,7,1,0,35,3,31,5,23,6,3,2,36,6,19,2,2
1058,106,8,0,0,27,5,23,6,31,3,1,2,36,6,19,2,2
1059,106,9,0,0,35,3,31,4,27,6,2,2,36,6,19,2,2
1060,106,10,0,0,23,6,27,4,31,3,2,2,36,6,19,2,2